,code,n_killed,n_injured,n_guns_involved,n_incidents
0,10100,3.0,7.0,58.0,26
1,10140,1.0,1.0,5.0,5
2,10180,16.0,25.0,157.0,98
3,10220,11.0,15.0,34.0,30
4,10300,6.0,7.0,24.0,20
5,10420,89.0,169.0,719.0,349
6,10460,2.0,3.0,7.0,7
7,10500,30.0,56.0,121.0,113
8,10540,9.0,14.0,136.0,86
9,10580,26.0,83.0,362.0,255
10,10620,43.0,88.0,281.0,196
11,10660,2.0,1.0,60.0,40
12,10700,4.0,22.0,42.0,30
13,10740,157.0,135.0,596.0,440
14,10760,13.0,12.0,30.0,28
15,10780,28.0,33.0,96.0,94
16,10820,2.0,5.0,10.0,9
17,10860,2.0,0.0,25.0,10
18,10900,60.0,108.0,412.0,298
19,10940,1.0,1.0,4.0,4
20,10980,3.0,2.0,7.0,7
21,11020,2.0,4.0,33.0,31
22,11060,4.0,10.0,28.0,25
23,11100,17.0,47.0,194.0,155
24,11140,15.0,17.0,32.0,25
25,11180,3.0,9.0,14.0,14
26,11220,2.0,0.0,52.0,14
27,11260,106.0,134.0,645.0,508
28,11380,2.0,2.0,4.0,3
29,11420,3.0,3.0,15.0,12
30,11460,24.0,57.0,179.0,165
31,11500,40.0,26.0,111.0,65
32,11540,7.0,6.0,35.0,30
33,11580,3.0,0.0,4.0,4
34,11620,5.0,22.0,71.0,50
35,11660,0.0,0.0,1.0,1
36,11680,3.0,3.0,7.0,7
37,11700,27.0,56.0,159.0,125
38,11740,1.0,3.0,5.0,5
39,11780,18.0,15.0,87.0,66
40,11820,4.0,2.0,8.0,6
41,11860,1.0,6.0,22.0,17
42,11900,4.0,6.0,17.0,17
43,11940,11.0,14.0,42.0,34
44,11980,11.0,10.0,30.0,27
45,12020,39.0,57.0,478.0,370
46,12060,544.0,721.0,1915.0,1479
47,12100,42.0,66.0,293.0,220
48,12120,19.0,18.0,104.0,47
49,12140,0.0,4.0,13.0,11
50,12180,2.0,3.0,21.0,16
51,12220,36.0,28.0,76.0,75
52,12260,111.0,176.0,667.0,478
53,12300,35.0,22.0,333.0,247
54,12380,4.0,3.0,61.0,44
55,12420,114.0,137.0,866.0,403
56,12460,7.0,11.0,29.0,23
57,12540,104.0,196.0,629.0,468
58,12580,566.0,1182.0,3163.0,2384
59,12620,11.0,25.0,137.0,87
60,12660,9.0,5.0,44.0,37
61,12680,10.0,7.0,55.0,30
62,12700,2.0,12.0,154.0,103
63,12740,16.0,1.0,80.0,59
64,12780,6.0,12.0,32.0,27
65,12820,10.0,9.0,26.0,21
66,12860,4.0,14.0,65.0,47
67,12900,9.0,10.0,26.0,26
68,12940,231.0,283.0,749.0,547
69,12980,13.0,46.0,188.0,146
70,13020,14.0,13.0,62.0,57
71,13060,8.0,4.0,18.0,17
72,13100,0.0,3.0,10.0,7
73,13140,48.0,59.0,201.0,134
74,13180,4.0,2.0,53.0,15
75,13220,20.0,30.0,89.0,80
76,13260,13.0,6.0,30.0,23
77,13300,5.0,6.0,14.0,12
78,13340,2.0,3.0,6.0,6
79,13380,11.0,7.0,42.0,31
80,13420,10.0,11.0,98.0,56
81,13460,8.0,11.0,44.0,37
82,13500,13.0,40.0,63.0,57
83,13540,0.0,3.0,52.0,37
84,13620,4.0,5.0,36.0,23
85,13660,4.0,2.0,8.0,8
86,13700,6.0,6.0,51.0,14
87,13720,21.0,23.0,105.0,58
88,13740,23.0,22.0,176.0,109
89,13780,7.0,16.0,113.0,72
90,13820,286.0,464.0,1044.0,776
91,13900,8.0,16.0,92.0,81
92,13940,0.0,1.0,12.0,7
93,13980,13.0,7.0,50.0,37
94,14010,4.0,13.0,55.0,54
95,14020,9.0,17.0,71.0,44
96,14100,9.0,8.0,28.0,25
97,14140,16.0,34.0,85.0,71
98,14180,12.0,21.0,47.0,46
99,14220,13.0,13.0,49.0,30
100,14260,39.0,34.0,305.0,168
101,14300,5.0,2.0,7.0,7
102,14340,1.0,1.0,4.0,4
103,14380,4.0,8.0,24.0,21
104,14420,4.0,5.0,8.0,8
105,14460,128.0,452.0,2708.0,2072
106,14500,11.0,8.0,46.0,44
107,14540,15.0,32.0,84.0,72
108,14580,10.0,7.0,69.0,35
109,14620,1.0,2.0,5.0,5
110,14660,6.0,4.0,74.0,49
111,14700,7.0,6.0,31.0,18
112,14720,3.0,2.0,28.0,6
113,14740,14.0,17.0,69.0,34
114,14780,8.0,4.0,18.0,13
115,14820,5.0,12.0,34.0,20
116,14860,93.0,344.0,1290.0,915
117,15020,20.0,26.0,50.0,37
118,15060,0.0,1.0,9.0,9
119,15100,0.0,3.0,5.0,5
120,15140,7.0,26.0,48.0,38
121,15180,11.0,10.0,42.0,35
122,15220,6.0,1.0,36.0,15
123,15260,21.0,29.0,80.0,60
124,15340,1.0,0.0,1.0,1
125,15380,82.0,277.0,829.0,710
126,15420,4.0,2.0,17.0,12
127,15460,14.0,11.0,51.0,46
128,15500,16.0,41.0,127.0,119
129,15540,7.0,12.0,75.0,69
130,15580,17.0,13.0,102.0,73
131,15620,3.0,9.0,13.0,13
132,15660,8.0,6.0,26.0,17
133,15680,8.0,14.0,90.0,42
134,15700,2.0,3.0,10.0,8
135,15740,6.0,5.0,35.0,27
136,15780,2.0,2.0,5.0,5
137,15820,9.0,15.0,49.0,25
138,15860,13.0,11.0,65.0,32
139,15900,1.0,2.0,3.0,3
140,15940,51.0,64.0,287.0,204
141,15980,64.0,147.0,478.0,374
142,16020,15.0,32.0,154.0,99
143,16060,26.0,53.0,157.0,136
144,16100,9.0,19.0,123.0,74
145,16140,3.0,3.0,7.0,6
146,16180,3.0,4.0,17.0,17
147,16220,9.0,6.0,133.0,119
148,16260,8.0,3.0,17.0,16
149,16300,15.0,40.0,342.0,121
150,16340,15.0,5.0,24.0,24
151,16380,2.0,4.0,12.0,10
152,16420,4.0,7.0,49.0,20
153,16460,4.0,11.0,89.0,50
154,16500,7.0,5.0,41.0,26
155,16540,9.0,16.0,80.0,58
156,16580,27.0,73.0,349.0,233
157,16620,51.0,129.0,355.0,297
158,16660,3.0,6.0,32.0,26
159,16700,134.0,207.0,633.0,524
160,16740,247.0,523.0,1503.0,1097
161,16820,22.0,31.0,107.0,82
162,16860,74.0,242.0,388.0,354
163,16940,11.0,13.0,75.0,51
164,16980,1792.0,6997.0,9401.0,8246
165,17020,16.0,46.0,232.0,138
166,17060,12.0,6.0,81.0,38
167,17140,274.0,601.0,1242.0,957
168,17200,4.0,5.0,76.0,38
169,17220,17.0,9.0,74.0,54
170,17260,5.0,4.0,11.0,11
171,17300,44.0,60.0,332.0,209
172,17340,5.0,7.0,26.0,18
173,17380,7.0,16.0,19.0,19
174,17420,11.0,10.0,44.0,36
175,17460,383.0,852.0,1919.0,1504
176,17500,11.0,39.0,43.0,40
177,17540,4.0,5.0,19.0,15
178,17580,6.0,14.0,60.0,31
179,17660,15.0,6.0,84.0,52
180,17700,5.0,4.0,40.0,12
181,17740,1.0,6.0,12.0,8
182,17780,24.0,29.0,111.0,94
183,17820,76.0,185.0,642.0,487
184,17860,24.0,64.0,402.0,283
185,17900,115.0,224.0,502.0,419
186,17980,91.0,235.0,488.0,450
187,18020,16.0,11.0,53.0,45
188,18060,18.0,29.0,83.0,64
189,18100,5.0,3.0,18.0,17
190,18140,309.0,560.0,966.0,881
191,18180,4.0,8.0,138.0,78
192,18220,3.0,4.0,19.0,14
193,18260,9.0,5.0,27.0,17
194,18300,2.0,5.0,20.0,15
195,18380,16.0,8.0,28.0,21
196,18420,23.0,41.0,74.0,65
197,18460,9.0,6.0,23.0,14
198,18500,1.0,4.0,33.0,26
199,18580,40.0,74.0,319.0,238
200,18620,16.0,8.0,69.0,20
201,18660,2.0,3.0,20.0,16
202,18700,4.0,5.0,22.0,19
203,18740,3.0,3.0,6.0,6
204,18780,1.0,1.0,2.0,2
205,18820,2.0,4.0,22.0,14
206,18860,2.0,8.0,9.0,8
207,18880,25.0,58.0,236.0,191
208,18900,10.0,7.0,23.0,23
209,18980,20.0,10.0,50.0,39
210,19000,9.0,9.0,25.0,21
211,19060,8.0,13.0,55.0,37
212,19100,577.0,586.0,1780.0,1455
213,19140,7.0,8.0,61.0,18
214,19180,15.0,42.0,83.0,77
215,19220,5.0,4.0,32.0,20
216,19260,29.0,54.0,110.0,93
217,19300,18.0,11.0,73.0,46
218,19340,27.0,58.0,232.0,206
219,19380,149.0,361.0,1303.0,821
220,19420,3.0,6.0,11.0,11
221,19460,26.0,49.0,197.0,107
222,19500,15.0,60.0,126.0,107
223,19540,2.0,0.0,23.0,9
224,19580,6.0,3.0,12.0,12
225,19620,7.0,3.0,18.0,18
226,19660,72.0,133.0,532.0,333
227,19700,4.0,0.0,2.0,2
228,19740,216.0,259.0,1091.0,676
229,19760,2.0,4.0,23.0,9
230,19780,32.0,116.0,298.0,259
231,19820,503.0,874.0,2172.0,1790
232,19860,5.0,17.0,51.0,43
233,19940,2.0,1.0,11.0,8
234,19980,2.0,2.0,3.0,3
235,20020,22.0,42.0,145.0,109
236,20060,3.0,4.0,22.0,19
237,20100,19.0,69.0,385.0,245
238,20140,8.0,8.0,19.0,17
239,20180,1.0,4.0,9.0,9
240,20220,3.0,12.0,46.0,36
241,20260,14.0,27.0,128.0,79
242,20300,0.0,3.0,4.0,4
243,20340,10.0,16.0,44.0,35
244,20380,9.0,16.0,28.0,27
245,20420,11.0,5.0,21.0,18
246,20460,6.0,7.0,25.0,21
247,20500,53.0,168.0,357.0,273
248,20540,7.0,40.0,62.0,40
249,20580,0.0,0.0,2.0,1
250,20660,5.0,2.0,92.0,16
251,20700,34.0,32.0,198.0,119
252,20740,11.0,5.0,44.0,35
253,20780,0.0,1.0,19.0,9
254,20820,1.0,3.0,10.0,10
255,20900,1.0,0.0,1.0,1
256,20940,6.0,4.0,41.0,20
257,20980,13.0,7.0,18.0,18
258,21020,6.0,40.0,51.0,47
259,21060,19.0,13.0,106.0,45
260,21120,4.0,1.0,5.0,5
261,21140,26.0,48.0,106.0,95
262,21180,12.0,4.0,38.0,29
263,21220,8.0,3.0,206.0,20
264,21260,2.0,0.0,11.0,5
265,21300,8.0,19.0,67.0,49
266,21340,32.0,45.0,122.0,111
267,21380,1.0,2.0,7.0,6
268,21420,4.0,13.0,60.0,44
269,21460,8.0,18.0,38.0,36
270,21500,26.0,65.0,187.0,143
271,21540,3.0,0.0,3.0,3
272,21580,4.0,8.0,40.0,31
273,21640,5.0,12.0,17.0,17
274,21660,19.0,24.0,203.0,106
275,21700,27.0,39.0,421.0,286
276,21740,0.0,1.0,2.0,2
277,21780,43.0,108.0,404.0,315
278,21820,42.0,30.0,359.0,243
279,21840,2.0,4.0,9.0,9
280,21860,2.0,1.0,5.0,5
281,21900,14.0,13.0,50.0,39
282,21980,2.0,0.0,1.0,1
283,22020,9.0,19.0,117.0,98
284,22060,6.0,0.0,5.0,5
285,22100,8.0,12.0,34.0,31
286,22140,15.0,16.0,57.0,39
287,22180,76.0,110.0,239.0,208
288,22220,15.0,37.0,236.0,115
289,22260,5.0,8.0,35.0,24
290,22280,4.0,5.0,6.0,6
291,22300,8.0,3.0,16.0,14
292,22340,7.0,4.0,16.0,13
293,22380,22.0,12.0,63.0,38
294,22420,95.0,172.0,465.0,330
295,22500,49.0,107.0,240.0,207
296,22520,23.0,27.0,101.0,62
297,22540,5.0,3.0,25.0,18
298,22580,9.0,10.0,24.0,24
299,22620,15.0,31.0,58.0,46
300,22660,20.0,14.0,56.0,48
301,22700,4.0,7.0,35.0,30
302,22780,6.0,10.0,23.0,18
303,22800,6.0,3.0,17.0,12
304,22820,0.0,1.0,1.0,1
305,22840,3.0,5.0,39.0,18
306,22860,4.0,2.0,9.0,8
307,22900,30.0,37.0,120.0,104
308,23060,91.0,171.0,473.0,350
309,23140,3.0,4.0,14.0,12
310,23180,18.0,16.0,51.0,46
311,23240,3.0,0.0,7.0,7
312,23300,7.0,19.0,105.0,70
313,23340,4.0,7.0,44.0,17
314,23380,9.0,6.0,26.0,24
315,23420,87.0,274.0,1438.0,675
316,23460,21.0,11.0,43.0,41
317,23500,12.0,15.0,75.0,34
318,23540,27.0,59.0,219.0,191
319,23580,15.0,33.0,90.0,72
320,23620,4.0,2.0,6.0,6
321,23660,8.0,3.0,22.0,16
322,23700,5.0,2.0,9.0,9
323,23780,0.0,1.0,6.0,3
324,23820,4.0,4.0,11.0,10
325,23860,8.0,16.0,43.0,35
326,23900,1.0,1.0,15.0,9
327,23940,3.0,1.0,6.0,6
328,23980,15.0,15.0,53.0,45
329,24020,4.0,10.0,69.0,47
330,24060,6.0,4.0,28.0,18
331,24100,2.0,1.0,15.0,10
332,24140,33.0,61.0,272.0,175
333,24220,8.0,8.0,36.0,35
334,24260,4.0,5.0,24.0,20
335,24300,17.0,21.0,262.0,200
336,24330,1.0,3.0,22.0,13
337,24340,57.0,146.0,332.0,244
338,24380,6.0,0.0,5.0,5
339,24420,15.0,18.0,168.0,57
340,24460,2.0,10.0,27.0,21
341,24500,9.0,9.0,57.0,44
342,24540,13.0,21.0,73.0,63
343,24580,7.0,8.0,53.0,39
344,24620,13.0,13.0,110.0,74
345,24640,2.0,8.0,54.0,33
346,24660,119.0,225.0,496.0,365
347,24700,7.0,5.0,31.0,21
348,24740,22.0,27.0,45.0,44
349,24780,15.0,67.0,225.0,164
350,24820,2.0,8.0,69.0,35
351,24860,115.0,168.0,398.0,387
352,24900,33.0,31.0,76.0,67
353,24940,15.0,29.0,69.0,62
354,24980,13.0,12.0,25.0,25
355,25060,53.0,98.0,329.0,238
356,25100,1.0,1.0,4.0,4
357,25180,14.0,23.0,137.0,80
358,25200,1.0,0.0,4.0,2
359,25220,31.0,36.0,190.0,109
360,25260,17.0,22.0,61.0,52
361,25300,2.0,2.0,34.0,13
362,25420,62.0,116.0,476.0,356
363,25460,9.0,1.0,11.0,11
364,25500,6.0,7.0,23.0,23
365,25540,55.0,153.0,811.0,515
366,25580,2.0,1.0,9.0,8
367,25620,23.0,53.0,104.0,95
368,25700,7.0,3.0,10.0,10
369,25720,3.0,1.0,6.0,5
370,25740,12.0,1.0,74.0,55
371,25760,14.0,27.0,68.0,39
372,25780,27.0,9.0,41.0,33
373,25820,2.0,1.0,4.0,3
374,25840,6.0,7.0,22.0,18
375,25860,45.0,50.0,211.0,128
376,25880,2.0,1.0,11.0,11
377,25900,19.0,16.0,110.0,94
378,25940,41.0,123.0,431.0,334
379,25980,11.0,13.0,28.0,24
380,26020,2.0,12.0,27.0,17
381,26090,4.0,5.0,58.0,27
382,26140,24.0,29.0,260.0,98
383,26220,4.0,1.0,7.0,7
384,26260,3.0,0.0,30.0,8
385,26300,27.0,46.0,106.0,81
386,26340,2.0,2.0,9.0,7
387,26380,41.0,53.0,218.0,166
388,26420,805.0,858.0,2053.0,1718
389,26460,1.0,10.0,37.0,30
390,26500,5.0,1.0,40.0,16
391,26540,3.0,3.0,4.0,4
392,26580,38.0,71.0,218.0,151
393,26620,60.0,140.0,263.0,201
394,26660,8.0,13.0,33.0,29
395,26700,1.0,1.0,4.0,4
396,26740,4.0,9.0,21.0,19
397,26780,0.0,1.0,2.0,2
398,26820,8.0,6.0,89.0,52
399,26860,16.0,18.0,86.0,53
400,26900,395.0,591.0,1858.0,1212
401,26940,1.0,4.0,3.0,3
402,26960,14.0,3.0,17.0,16
403,26980,5.0,11.0,62.0,56
404,27020,6.0,3.0,8.0,8
405,27060,3.0,6.0,45.0,32
406,27100,16.0,42.0,159.0,96
407,27140,142.0,278.0,534.0,461
408,27160,3.0,4.0,9.0,8
409,27180,37.0,84.0,276.0,218
410,27220,1.0,1.0,22.0,18
411,27260,213.0,528.0,1670.0,1520
412,27300,8.0,4.0,10.0,9
413,27340,21.0,25.0,89.0,67
414,27380,4.0,2.0,9.0,9
415,27420,5.0,4.0,32.0,21
416,27460,11.0,18.0,119.0,95
417,27500,10.0,22.0,123.0,91
418,27540,7.0,3.0,26.0,21
419,27600,19.0,18.0,151.0,114
420,27620,10.0,23.0,118.0,97
421,27660,14.0,16.0,55.0,40
422,27700,4.0,2.0,5.0,5
423,27740,12.0,20.0,100.0,83
424,27780,24.0,16.0,81.0,70
425,27860,20.0,41.0,227.0,167
426,27900,35.0,29.0,192.0,141
427,27920,6.0,3.0,34.0,20
428,27940,6.0,7.0,91.0,72
429,27980,4.0,6.0,17.0,16
430,28020,32.0,46.0,176.0,144
431,28060,5.0,14.0,71.0,43
432,28100,34.0,59.0,211.0,174
433,28140,351.0,496.0,1033.0,917
434,28180,6.0,2.0,11.0,11
435,28260,0.0,4.0,13.0,12
436,28300,6.0,3.0,78.0,53
437,28340,0.0,1.0,11.0,10
438,28380,6.0,3.0,11.0,11
439,28420,19.0,25.0,114.0,85
440,28500,7.0,3.0,9.0,8
441,28540,5.0,4.0,29.0,27
442,28580,6.0,7.0,58.0,51
443,28620,0.0,2.0,5.0,5
444,28660,88.0,106.0,297.0,255
445,28700,30.0,43.0,140.0,106
446,28740,30.0,50.0,481.0,287
447,28780,2.0,0.0,2.0,2
448,28820,16.0,39.0,99.0,84
449,28860,3.0,6.0,13.0,12
450,28900,10.0,6.0,32.0,30
451,28940,77.0,125.0,306.0,252
452,29020,11.0,11.0,48.0,41
453,29060,8.0,11.0,103.0,72
454,29100,9.0,19.0,70.0,54
455,29180,70.0,132.0,283.0,234
456,29200,12.0,22.0,156.0,125
457,29260,2.0,5.0,16.0,15
458,29300,15.0,51.0,157.0,127
459,29340,29.0,40.0,94.0,82
460,29380,18.0,15.0,63.0,43
461,29420,29.0,35.0,124.0,82
462,29460,62.0,64.0,487.0,175
463,29500,0.0,3.0,3.0,3
464,29540,32.0,62.0,321.0,257
465,29620,31.0,67.0,175.0,123
466,29660,3.0,0.0,4.0,4
467,29700,10.0,21.0,169.0,71
468,29740,23.0,24.0,103.0,76
469,29780,1.0,1.0,5.0,5
470,29820,326.0,327.0,977.0,697
471,29860,22.0,27.0,63.0,61
472,29900,14.0,25.0,56.0,40
473,29940,9.0,20.0,42.0,40
474,29980,12.0,4.0,31.0,23
475,30020,19.0,36.0,89.0,69
476,30060,8.0,5.0,38.0,21
477,30140,13.0,24.0,202.0,66
478,30220,2.0,5.0,12.0,10
479,30260,0.0,1.0,10.0,5
480,30280,3.0,8.0,42.0,16
481,30300,5.0,8.0,24.0,21
482,30340,8.0,15.0,86.0,73
483,30380,3.0,1.0,91.0,5
484,30420,2.0,3.0,27.0,12
485,30460,63.0,205.0,433.0,396
486,30580,1.0,1.0,3.0,2
487,30620,6.0,19.0,29.0,28
488,30660,1.0,1.0,7.0,4
489,30700,13.0,55.0,528.0,358
490,30780,142.0,391.0,779.0,682
491,30820,1.0,2.0,4.0,4
492,30860,10.0,15.0,33.0,28
493,30880,26.0,16.0,79.0,58
494,30900,7.0,5.0,27.0,17
495,30940,36.0,38.0,97.0,78
496,30980,36.0,41.0,150.0,119
497,31020,14.0,20.0,130.0,54
498,31060,0.0,0.0,31.0,9
499,31080,968.0,895.0,4848.0,1963
500,31140,220.0,427.0,920.0,760
501,31180,32.0,73.0,217.0,150
502,31220,2.0,1.0,41.0,12
503,31260,12.0,11.0,58.0,53
504,31300,43.0,65.0,161.0,123
505,31340,28.0,34.0,109.0,90
506,31380,0.0,0.0,3.0,3
507,31420,54.0,185.0,295.0,269
508,31460,15.0,12.0,39.0,35
509,31500,10.0,10.0,77.0,24
510,31540,19.0,79.0,558.0,416
511,31580,9.0,13.0,39.0,36
512,31620,3.0,1.0,7.0,7
513,31660,3.0,1.0,5.0,5
514,31680,4.0,4.0,19.0,19
515,31700,54.0,123.0,1014.0,655
516,31740,4.0,11.0,36.0,31
517,31820,1.0,2.0,13.0,12
518,31860,4.0,5.0,11.0,8
519,31900,12.0,17.0,30.0,29
520,31930,4.0,3.0,13.0,10
521,31940,4.0,2.0,7.0,7
522,31980,6.0,5.0,13.0,12
523,32000,8.0,11.0,142.0,39
524,32020,7.0,5.0,45.0,30
525,32100,5.0,0.0,8.0,7
526,32140,5.0,1.0,50.0,8
527,32180,2.0,1.0,9.0,8
528,32220,18.0,9.0,61.0,45
529,32260,3.0,1.0,39.0,12
530,32280,6.0,1.0,22.0,20
531,32300,8.0,32.0,55.0,45
532,32340,1.0,5.0,10.0,8
533,32380,6.0,3.0,46.0,33
534,32460,4.0,10.0,72.0,30
535,32500,11.0,1.0,13.0,13
536,32540,12.0,14.0,51.0,31
537,32580,26.0,20.0,61.0,54
538,32620,31.0,28.0,48.0,47
539,32660,4.0,1.0,20.0,8
540,32700,10.0,15.0,11.0,9
541,32740,7.0,9.0,39.0,18
542,32780,20.0,28.0,273.0,168
543,32820,334.0,839.0,1490.0,1268
544,32860,13.0,4.0,25.0,24
545,32900,33.0,46.0,252.0,161
546,32940,49.0,97.0,177.0,167
547,32980,7.0,7.0,19.0,18
548,33020,4.0,8.0,134.0,31
549,33060,10.0,9.0,30.0,23
550,33100,574.0,913.0,2366.0,1862
551,33140,8.0,25.0,74.0,66
552,33180,12.0,19.0,153.0,45
553,33220,10.0,7.0,21.0,21
554,33260,5.0,3.0,27.0,26
555,33300,17.0,15.0,62.0,53
556,33340,237.0,650.0,1454.0,1397
557,33420,6.0,6.0,15.0,15
558,33460,161.0,388.0,1091.0,960
559,33500,7.0,18.0,75.0,67
560,33540,14.0,9.0,83.0,71
561,33580,6.0,5.0,25.0,18
562,33620,9.0,1.0,14.0,14
563,33660,127.0,206.0,498.0,396
564,33700,50.0,66.0,208.0,150
565,33740,34.0,43.0,125.0,107
566,33780,5.0,9.0,30.0,20
567,33860,99.0,171.0,308.0,279
568,33940,4.0,3.0,52.0,21
569,33980,3.0,5.0,23.0,13
570,34020,7.0,15.0,39.0,35
571,34060,32.0,35.0,127.0,98
572,34100,9.0,10.0,37.0,25
573,34140,5.0,2.0,23.0,16
574,34180,1.0,14.0,108.0,43
575,34220,19.0,31.0,98.0,79
576,34260,10.0,9.0,46.0,37
577,34300,6.0,1.0,6.0,6
578,34340,5.0,6.0,37.0,19
579,34380,5.0,6.0,52.0,28
580,34420,9.0,14.0,20.0,18
581,34460,20.0,12.0,51.0,35
582,34500,3.0,6.0,67.0,37
583,34540,14.0,4.0,33.0,26
584,34580,16.0,3.0,40.0,21
585,34620,16.0,37.0,104.0,74
586,34660,3.0,4.0,67.0,22
587,34700,1.0,9.0,49.0,43
588,34740,27.0,59.0,150.0,111
589,34780,19.0,23.0,130.0,76
590,34820,69.0,161.0,610.0,420
591,34860,13.0,8.0,43.0,24
592,34900,9.0,4.0,14.0,12
593,34940,16.0,20.0,132.0,101
594,34980,229.0,572.0,1548.0,1065
595,35020,21.0,38.0,94.0,68
596,35060,13.0,13.0,77.0,47
597,35100,8.0,28.0,61.0,53
598,35140,6.0,14.0,28.0,27
599,35220,6.0,7.0,23.0,21
600,35260,25.0,28.0,83.0,72
601,35300,33.0,146.0,585.0,374
602,35380,429.0,1127.0,2134.0,1858
603,35420,7.0,4.0,10.0,8
604,35440,0.0,3.0,14.0,8
605,35460,4.0,4.0,14.0,12
606,35500,3.0,5.0,10.0,10
607,35580,1.0,1.0,2.0,2
608,35620,800.0,1736.0,5573.0,3749
609,35660,33.0,36.0,111.0,95
610,35700,0.0,3.0,12.0,6
611,35740,0.0,2.0,43.0,11
612,35820,7.0,7.0,18.0,17
613,35840,65.0,105.0,344.0,275
614,35860,1.0,4.0,9.0,9
615,35900,11.0,9.0,20.0,18
616,35940,2.0,3.0,10.0,7
617,35980,12.0,26.0,210.0,155
618,36020,1.0,1.0,22.0,7
619,36100,42.0,92.0,332.0,242
620,36140,3.0,6.0,43.0,30
621,36220,15.0,14.0,77.0,58
622,36260,22.0,18.0,75.0,56
623,36300,0.0,3.0,57.0,38
624,36340,6.0,2.0,38.0,10
625,36380,1.0,9.0,52.0,34
626,36420,148.0,233.0,892.0,510
627,36460,2.0,1.0,44.0,20
628,36500,19.0,14.0,74.0,42
629,36540,67.0,210.0,539.0,467
630,36580,6.0,5.0,35.0,22
631,36620,6.0,5.0,25.0,23
632,36660,22.0,35.0,105.0,91
633,36700,28.0,93.0,316.0,219
634,36740,274.0,488.0,1857.0,843
635,36780,16.0,10.0,92.0,44
636,36820,1.0,2.0,4.0,4
637,36830,4.0,3.0,9.0,8
638,36840,0.0,2.0,6.0,5
639,36860,2.0,3.0,36.0,17
640,36900,1.0,4.0,9.0,8
641,36940,1.0,1.0,4.0,3
642,36980,9.0,19.0,111.0,49
643,37020,3.0,3.0,6.0,6
644,37060,26.0,31.0,87.0,68
645,37080,2.0,5.0,8.0,8
646,37100,41.0,95.0,491.0,306
647,37120,5.0,10.0,23.0,19
648,37140,12.0,35.0,140.0,89
649,37220,2.0,2.0,23.0,15
650,37260,36.0,41.0,167.0,116
651,37300,6.0,10.0,39.0,24
652,37340,46.0,86.0,270.0,201
653,37420,3.0,2.0,6.0,6
654,37460,21.0,55.0,212.0,163
655,37500,8.0,1.0,17.0,17
656,37540,10.0,7.0,84.0,31
657,37580,9.0,13.0,94.0,79
658,37620,12.0,12.0,29.0,27
659,37660,5.0,5.0,32.0,23
660,37740,6.0,2.0,9.0,8
661,37780,2.0,4.0,8.0,7
662,37800,0.0,2.0,4.0,4
663,37860,48.0,61.0,211.0,179
664,37900,34.0,183.0,757.0,673
665,37940,1.0,2.0,10.0,10
666,37980,670.0,1419.0,2771.0,2203
667,38060,464.0,426.0,999.0,925
668,38100,27.0,27.0,153.0,74
669,38180,3.0,2.0,24.0,20
670,38220,51.0,40.0,145.0,96
671,38240,10.0,12.0,63.0,26
672,38260,3.0,8.0,63.0,34
673,38300,237.0,474.0,1057.0,892
674,38340,6.0,16.0,126.0,96
675,38380,1.0,2.0,3.0,3
676,38420,2.0,2.0,12.0,11
677,38460,2.0,7.0,46.0,31
678,38500,3.0,6.0,100.0,17
679,38540,8.0,14.0,53.0,47
680,38580,3.0,12.0,28.0,24
681,38620,4.0,1.0,4.0,4
682,38700,0.0,0.0,4.0,4
683,38740,16.0,6.0,31.0,27
684,38780,2.0,4.0,31.0,31
685,38820,4.0,1.0,35.0,17
686,38840,2.0,0.0,3.0,3
687,38860,19.0,26.0,183.0,116
688,38900,132.0,256.0,1187.0,831
689,38920,0.0,0.0,1.0,1
690,38940,22.0,52.0,320.0,210
691,39020,14.0,9.0,20.0,16
692,39060,7.0,18.0,32.0,32
693,39140,8.0,11.0,34.0,26
694,39220,6.0,2.0,14.0,13
695,39260,4.0,6.0,20.0,8
696,39300,44.0,186.0,925.0,676
697,39340,27.0,20.0,126.0,73
698,39380,20.0,30.0,372.0,196
699,39420,4.0,6.0,17.0,15
700,39460,2.0,1.0,21.0,19
701,39500,3.0,12.0,65.0,52
702,39540,27.0,56.0,242.0,164
703,39580,65.0,124.0,253.0,194
704,39660,17.0,22.0,125.0,82
705,39700,3.0,1.0,2.0,2
706,39740,43.0,58.0,157.0,97
707,39780,16.0,22.0,169.0,154
708,39820,23.0,20.0,101.0,63
709,39860,2.0,3.0,23.0,21
710,39900,47.0,75.0,257.0,160
711,39940,2.0,6.0,28.0,19
712,39980,16.0,30.0,88.0,72
713,40060,192.0,447.0,808.0,727
714,40080,21.0,21.0,123.0,47
715,40100,4.0,3.0,5.0,5
716,40140,365.0,408.0,1929.0,1067
717,40180,3.0,6.0,13.0,10
718,40220,36.0,88.0,181.0,147
719,40260,18.0,38.0,64.0,55
720,40300,5.0,4.0,19.0,16
721,40340,3.0,17.0,187.0,119
722,40380,53.0,214.0,481.0,381
723,40420,46.0,267.0,730.0,596
724,40460,16.0,7.0,21.0,19
725,40540,1.0,0.0,5.0,2
726,40580,24.0,34.0,119.0,87
727,40620,10.0,11.0,38.0,32
728,40660,20.0,29.0,201.0,171
729,40700,19.0,15.0,47.0,20
730,40740,16.0,12.0,68.0,65
731,40760,3.0,3.0,6.0,6
732,40780,17.0,9.0,25.0,25
733,40820,11.0,14.0,28.0,26
734,40860,5.0,6.0,76.0,49
735,40900,151.0,236.0,839.0,432
736,40940,3.0,8.0,30.0,13
737,40980,31.0,80.0,144.0,131
738,41060,8.0,15.0,62.0,55
739,41100,4.0,7.0,37.0,29
740,41140,14.0,22.0,63.0,60
741,41180,801.0,1221.0,2516.0,2159
742,41220,11.0,8.0,40.0,27
743,41260,2.0,2.0,9.0,9
744,41400,8.0,6.0,30.0,22
745,41420,25.0,29.0,510.0,106
746,41460,5.0,13.0,116.0,70
747,41500,75.0,88.0,302.0,251
748,41540,26.0,49.0,205.0,136
749,41620,98.0,178.0,607.0,445
750,41660,17.0,16.0,78.0,58
751,41700,360.0,580.0,1035.0,931
752,41740,126.0,144.0,850.0,341
753,41760,12.0,4.0,34.0,26
754,41780,5.0,22.0,66.0,60
755,41820,18.0,20.0,59.0,43
756,41860,369.0,668.0,1368.0,1116
757,41940,82.0,74.0,260.0,223
758,42020,5.0,13.0,27.0,25
759,42100,16.0,31.0,137.0,105
760,42140,8.0,6.0,77.0,68
761,42200,19.0,12.0,220.0,58
762,42220,15.0,31.0,125.0,85
763,42300,4.0,1.0,9.0,9
764,42340,66.0,190.0,377.0,322
765,42380,2.0,4.0,53.0,19
766,42420,1.0,2.0,12.0,11
767,42460,2.0,3.0,8.0,8
768,42540,45.0,83.0,421.0,309
769,42620,12.0,4.0,24.0,21
770,42660,290.0,449.0,1996.0,1173
771,42680,29.0,48.0,192.0,150
772,42700,5.0,13.0,29.0,23
773,42740,6.0,9.0,21.0,20
774,42780,2.0,1.0,10.0,8
775,42820,36.0,57.0,198.0,92
776,42860,14.0,27.0,48.0,40
777,42900,3.0,8.0,70.0,40
778,42940,2.0,5.0,19.0,13
779,42980,7.0,6.0,52.0,33
780,43020,2.0,5.0,21.0,20
781,43060,11.0,15.0,102.0,28
782,43100,4.0,8.0,28.0,26
783,43140,8.0,7.0,29.0,20
784,43180,1.0,2.0,11.0,7
785,43220,5.0,1.0,13.0,11
786,43260,7.0,7.0,13.0,12
787,43300,5.0,5.0,21.0,17
788,43320,10.0,5.0,24.0,11
789,43340,91.0,330.0,657.0,517
790,43380,3.0,11.0,38.0,32
791,43420,5.0,14.0,34.0,33
792,43460,11.0,14.0,55.0,40
793,43500,5.0,4.0,18.0,10
794,43580,6.0,19.0,96.0,64
795,43620,12.0,19.0,374.0,208
796,43660,0.0,0.0,1.0,1
797,43700,19.0,12.0,40.0,36
798,43740,7.0,5.0,37.0,25
799,43760,6.0,2.0,22.0,17
800,43780,55.0,118.0,299.0,217
801,43900,29.0,87.0,200.0,180
802,43940,2.0,1.0,9.0,9
803,43980,1.0,2.0,11.0,9
804,44020,2.0,2.0,6.0,5
805,44060,41.0,76.0,382.0,257
806,44100,25.0,75.0,249.0,183
807,44140,39.0,149.0,746.0,565
808,44180,50.0,70.0,375.0,231
809,44220,26.0,59.0,135.0,122
810,44260,10.0,19.0,48.0,36
811,44300,5.0,6.0,49.0,35
812,44340,19.0,22.0,109.0,103
813,44420,7.0,12.0,65.0,51
814,44460,1.0,1.0,3.0,3
815,44500,3.0,5.0,11.0,11
816,44540,3.0,1.0,11.0,4
817,44580,2.0,4.0,11.0,11
818,44620,3.0,3.0,15.0,12
819,44660,12.0,8.0,60.0,31
820,44700,82.0,139.0,640.0,463
821,44740,0.0,3.0,10.0,7
822,44780,3.0,3.0,42.0,16
823,44860,10.0,7.0,18.0,16
824,44900,3.0,5.0,9.0,9
825,44920,1.0,1.0,5.0,5
826,44940,20.0,27.0,137.0,69
827,44980,7.0,10.0,27.0,22
828,45000,6.0,3.0,4.0,3
829,45020,1.0,1.0,3.0,3
830,45060,41.0,170.0,429.0,368
831,45140,8.0,5.0,90.0,26
832,45180,12.0,18.0,35.0,35
833,45220,38.0,75.0,267.0,184
834,45300,173.0,243.0,1402.0,670
835,45340,21.0,9.0,104.0,54
836,45380,5.0,5.0,22.0,7
837,45460,16.0,30.0,103.0,77
838,45500,25.0,38.0,86.0,73
839,45520,3.0,2.0,7.0,6
840,45540,37.0,44.0,278.0,199
841,45580,13.0,12.0,33.0,32
842,45620,8.0,17.0,41.0,37
843,45660,6.0,8.0,19.0,18
844,45700,7.0,10.0,30.0,26
845,45740,7.0,4.0,29.0,17
846,45780,76.0,347.0,585.0,482
847,45820,44.0,93.0,244.0,235
848,45860,13.0,21.0,91.0,56
849,45900,6.0,8.0,92.0,42
850,45940,94.0,286.0,778.0,627
851,45980,12.0,28.0,40.0,40
852,46020,9.0,16.0,115.0,36
853,46060,111.0,90.0,377.0,207
854,46100,8.0,9.0,25.0,20
855,46140,169.0,296.0,1027.0,770
856,46180,27.0,45.0,132.0,95
857,46220,37.0,81.0,124.0,118
858,46300,15.0,7.0,43.0,33
859,46340,25.0,35.0,106.0,89
860,46380,8.0,8.0,42.0,26
861,46460,3.0,2.0,16.0,9
862,46500,2.0,7.0,10.0,9
863,46520,13.0,31.0,73.0,70
864,46540,19.0,37.0,176.0,144
865,46620,2.0,4.0,24.0,5
866,46660,14.0,46.0,116.0,101
867,46700,39.0,63.0,149.0,133
868,46740,10.0,21.0,27.0,25
869,46780,0.0,2.0,5.0,5
870,46820,1.0,0.0,1.0,1
871,46860,10.0,10.0,26.0,24
872,46900,2.0,1.0,6.0,6
873,46980,20.0,44.0,92.0,58
874,47020,6.0,2.0,11.0,11
875,47080,8.0,7.0,17.0,16
876,47180,2.0,4.0,7.0,7
877,47220,24.0,59.0,170.0,142
878,47240,10.0,24.0,262.0,209
879,47260,228.0,705.0,1206.0,1019
880,47300,57.0,54.0,202.0,148
881,47340,3.0,1.0,4.0,4
882,47380,34.0,28.0,98.0,87
883,47420,4.0,4.0,10.0,7
884,47460,2.0,1.0,10.0,10
885,47540,1.0,0.0,2.0,2
886,47580,31.0,41.0,99.0,89
887,47620,4.0,2.0,5.0,5
888,47660,9.0,9.0,19.0,17
889,47700,3.0,10.0,46.0,28
890,47780,2.0,1.0,44.0,13
891,47820,5.0,18.0,34.0,23
892,47900,425.0,836.0,3459.0,2318
893,47920,4.0,7.0,6.0,6
894,47940,16.0,62.0,351.0,285
895,47980,2.0,2.0,5.0,5
896,48020,9.0,3.0,14.0,14
897,48060,5.0,7.0,44.0,41
898,48100,1.0,1.0,2.0,2
899,48140,7.0,4.0,58.0,29
900,48180,0.0,0.0,12.0,2
901,48220,6.0,4.0,14.0,12
902,48260,12.0,19.0,67.0,42
903,48300,9.0,8.0,23.0,20
904,48460,12.0,7.0,21.0,16
905,48500,6.0,16.0,27.0,27
906,48540,12.0,8.0,49.0,43
907,48580,9.0,5.0,22.0,20
908,48620,79.0,170.0,481.0,409
909,48660,13.0,11.0,54.0,50
910,48700,10.0,13.0,59.0,24
911,48780,6.0,11.0,88.0,56
912,48820,1.0,3.0,60.0,11
913,48900,43.0,74.0,353.0,189
914,48940,5.0,7.0,39.0,18
915,48980,11.0,2.0,14.0,14
916,49020,7.0,3.0,20.0,16
917,49080,2.0,0.0,1.0,1
918,49100,7.0,5.0,27.0,23
919,49180,71.0,137.0,251.0,223
920,49220,11.0,8.0,53.0,36
921,49260,1.0,4.0,6.0,5
922,49300,2.0,7.0,33.0,14
923,49340,11.0,70.0,719.0,293
924,49380,0.0,2.0,27.0,5
925,49420,38.0,70.0,325.0,134
926,49460,3.0,3.0,11.0,10
927,49620,56.0,98.0,413.0,229
928,49660,82.0,155.0,612.0,425
929,49700,15.0,15.0,54.0,48
930,49740,14.0,19.0,46.0,34
931,49780,8.0,25.0,49.0,43
932,49820,0.0,0.0,1.0,1
